Workbook
Name ContractorOption: Workers!$B$2:INDEX(Workers!$B:$B,LOOKUP(2,1/(Workers!$B:$B<>""),ROW(Workers!$B:$B)))
Name JobTitleOptions: Workers!$C$2:INDEX(Workers!$C:$C,LOOKUP(2,1/(Workers!$C:$C<>""),ROW(Workers!$C:$C)))

Sheet Instructions
A1: Contractor Certifications Tracker
A3: How to use this workbook
A4: 1. Add new contractors on the Contractors tab.
A5: 2. Add workers on the Workers tab. Each worker belongs to one contractor (pick from dropdown).
A6: 3. Review required certifications on the Certifications tab. Add new ones if HSE adds them.
A7: 4. On the Tracker tab, enter the completion date for each worker / certification combo.
A8: 5. The Dashboard tab auto-updates: compliance %, missing certs, expiring soon.
A10: Color coding on the Tracker
A11: • Red cell = certification missing (empty)
A12: • Yellow cell = completed, expiring within 60 days
A13: • Orange cell = expired (past validity based on Certifications tab)
A14: • Green cell = current
... A22: • Dates must be entered as real dates (mm/dd/yyyy), not text.

Sheet Certifications
A1: Certification | B1: Category | C1: Validity (years, 0=none) | D1: Notes
A2: Protección Contra Caídas | B2: HSE Required | C2: 1
A3: Flama Expuesta | B3: HSE Required | C3: 1
A4: Espacios Confinados | B4: HSE Required | C4: 1
A5: Manejo de Equipo Motorizado | B5: HSE Required | C5: 3
A6: Excavación o Zanja | B6: HSE Required | C6: 1
A7: Manejo de Tijeras (Scissor Lift) | B7: HSE Required | C7: 3
A8: Seguridad Eléctrica | B8: HSE Required | C8: 1
A9: Lockout | B9: HSE Required | C9: 1
A10: Manejo de Grúas | B10: HSE Required | C10: 3
A11: Escaleras | B11: HSE Required | C11: 3
A12: Andamios | B12: HSE Required | C12: 3
A13: Trabajos con Plomo o Asbesto | B13: HSE Required | C13: 1
... A31: PPE | B31: Additional Training | C31: 0

Sheet Contractors
A1: Contractor Name | B1: Primary Contact | C1: Specialty | D1: Workers (count) | E1: Notes
A2: Cornerstone Industrial Group, Corp | B2: Felipe Lopez Dinardi | D2: =IF(A2="","",COUNTIF(Workers!B:B,A2))
A3: GeoEnviroTech, Inc | B3: Juan D. Negrón, PG | D3: =IF(A3="","",COUNTIF(Workers!B:B,A3))
A4: UltraPure Systems, Inc | B4: Samuel Portalatin Rodriguez Ta | D4: =IF(A4="","",COUNTIF(Workers!B:B,A4))
D5: =IF(A5="","",COUNTIF(Workers!B:B,A5))
D6: =IF(A6="","",COUNTIF(Workers!B:B,A6))
D7: =IF(A7="","",COUNTIF(Workers!B:B,A7))
D8: =IF(A8="","",COUNTIF(Workers!B:B,A8))
D9: =IF(A9="","",COUNTIF(Workers!B:B,A9))
D10: =IF(A10="","",COUNTIF(Workers!B:B,A10))
D11: =IF(A11="","",COUNTIF(Workers!B:B,A11))
D12: =IF(A12="","",COUNTIF(Workers!B:B,A12))
D13: =IF(A13="","",COUNTIF(Workers!B:B,A13))
D14: =IF(A14="","",COUNTIF(Workers!B:B,A14))
D15: =IF(A15="","",COUNTIF(Workers!B:B,A15))
D16: =IF(A16="","",COUNTIF(Workers!B:B,A16))
... D50: =IF(A50="","",COUNTIF(Workers!B:B,A50))

Sheet Workers
A1: Worker Name | B1: Contractor | C1: Job Title | D1: Status | E1: Employee Code | F1: Hire Date | G1: Email | H1: Phone | I1: Notes
A2: Héctor M. Rodríguez Alicea | B2: Cornerstone Industrial Group, Corp | D2: active
A3: Francisco González Carmona | B3: Cornerstone Industrial Group, Corp | D3: active
A4: Steven Cruz Martínez | B4: Cornerstone Industrial Group, Corp | D4: active
A5: Rene J. Torres Blasini | B5: Cornerstone Industrial Group, Corp | D5: active
A6: Jorge L. Figueroa Torres | B6: Cornerstone Industrial Group, Corp | D6: active
A7: Giovani Torres | B7: Cornerstone Industrial Group, Corp | D7: active
A8: Santos Rivera Tirado | B8: Cornerstone Industrial Group, Corp | D8: active
A9: José J. Rincon | B9: Cornerstone Industrial Group, Corp | D9: active
A10: Carlos O. Luhring | B10: Cornerstone Industrial Group, Corp | D10: active
A11: Felipe Lopez Dinardi | B11: Cornerstone Industrial Group, Corp | D11: active
A12: William Rodriguez Rivera | B12: GeoEnviroTech, Inc | D12: active
A13: Hardy Rodríguez Vázquez | B13: GeoEnviroTech, Inc | D13: active
... A47: Calix Gaetan | B47: UltraPure Systems, Inc | D47: active

Sheet Tracker
C1: HSE Required Certifications | P1: Additional Training
A2: Contractor | B2: Worker | C2: =Certifications!A2 | D2: =Certifications!A3 | E2: =Certifications!A4 | F2: =Certifications!A5 | G2: =Certifications!A6 | H2: =Certifications!A7 | I2: =Certifications!A8 | J2: =Certifications!A9 | K2: =Certifications!A10 | L2: =Certifications!A11 | M2: =Certifications!A12 | N2: =Certifications!A13 | O2: =Certifications!A14 | P2: =Certifications!A15 | Q2: =Certifications!A16 | R2: =Certifications!A17 | S2: =Certifications!A18 | T2: =Certifications!A19 | U2: =Certifications!A20 | V2: =Certifications!A21 | W2: =Certifications!A22 | X2: =Certifications!A23 | Y2: =Certifications!A24 | Z2: =Certifications!A25 | AA2: =Certifications!A26 | AB2: =Certifications!A27 | AC2: =Certifications!A28 | AD2: =Certifications!A29 | AE2: =Certifications!A30 | AF2: =Certifications!A31
A3: Cornerstone Industrial Group, Corp | B3: Francisco González Carmona | P3: 46136 | AB3: 45085 | AC3: 44966
A4: Cornerstone Industrial Group, Corp | B4: Steven Cruz Martínez | F4: 46059 | H4: 46059 | K4: 46059 | P4: 46136 | U4: 46341 | AA4: 46059
A5: Cornerstone Industrial Group, Corp | B5: Héctor M. Rodríguez Alicea | C5: 46091 | E5: 46091 | G5: 46091 | L5: 46091 | O5: 46091 | P5: 46100 | U5: 46091
A6: Cornerstone Industrial Group, Corp | B6: Rene J. Torres Blasini | C6: 46091 | E6: 46091 | G6: 46091 | L6: 46091 | O6: 46091 | P6: 46100 | U6: 46091
A7: Cornerstone Industrial Group, Corp | B7: Jorge L. Figueroa Torres | C7: 46091 | E7: 46091 | G7: 46091 | L7: 46091 | O7: 46091 | P7: 46100 | U7: 46091
A8: Cornerstone Industrial Group, Corp | B8: Giovani Torres | C8: 46091 | E8: 46091 | G8: 46091 | L8: 46091 | O8: 46091 | P8: 46100 | U8: 46091
A9: Cornerstone Industrial Group, Corp | B9: Santos Rivera Tirado | C9: 46091 | E9: 46091 | G9: 46091 | L9: 46091 | O9: 46091 | P9: 46100 | U9: 46091
A10: Cornerstone Industrial Group, Corp | B10: José J. Rincon | C10: 46091 | E10: 46091 | F10: 44929 | G10: 46091 | H10: 45720 | I10: 45328 | J10: 45328 | K10: 45720 | L10: 46091 | M10: 44929 | O10: 46091 | V10: 39483 | W10: 45143 | X10: 45143 | Y10: 44972 | Z10: 44972
A11: Cornerstone Industrial Group, Corp | B11: Carlos O. Luhring | C11: 46091 | E11: 46091 | F11: 44929 | G11: 46091 | H11: 45720 | I11: 45328 | J11: 45328 | K11: 45720 | L11: 46091 | M11: 44929 | O11: 46091 | V11: 39483 | W11: 45143 | X11: 45143 | Y11: 44972 | Z11: 44972
A12: Cornerstone Industrial Group, Corp | B12: Felipe Lopez Dinardi | C12: 46091 | E12: 46091 | F12: 44929 | G12: 46091 | H12: 45720 | I12: 45328 | J12: 45328 | K12: 45720 | L12: 46091 | M12: 44929 | O12: 46091 | V12: 39483 | W12: 45143 | X12: 45143 | Y12: 44972 | Z12: 44972
A13: GeoEnviroTech, Inc | B13: William Rodriguez Rivera | C13: 45764 | I13: 45764 | J13: 45764 | O13: 45764 | Q13: 38534 | R13: 45764 | S13: 40333
A14: GeoEnviroTech, Inc | B14: Hardy Rodríguez Vázquez | C14: 45764 | I14: 45764 | J14: 45764 | O14: 45764 | Q14: 39448 | R14: 45764 | S14: 40333 | T14: 45755
A15: GeoEnviroTech, Inc | B15: Juan D. Negrón Hernández | C15: 45764 | I15: 45764 | J15: 45764 | O15: 45764 | Q15: 33909 | R15: 45764 | S15: 39668 | T15: 45755
A16: GeoEnviroTech, Inc | B16: Rafael Díaz Colón | C16: 45764 | I16: 45764 | J16: 45764 | O16: 45764 | Q16: 39448 | R16: 45764 | S16: 40333
A17: GeoEnviroTech, Inc | B17: Luis A. Padilla Díaz | C17: 45764 | I17: 45764 | J17: 45764 | O17: 45764 | Q17: 42917 | R17: 45764 | S17: 42745
A18: GeoEnviroTech, Inc | B18: Jesús Quiñonez Ayala | C18: 45764 | I18: 45764 | J18: 45764 | O18: 45764 | Q18: 42917 | R18: 45764 | S18: 42745
A19: Cornerstone Industrial Group, Corp | B19: Carlos Luhring | C19: 41225 | E19: 41225 | G19: 41225 | H19: 41225 | I19: 41225 | L19: 41225 | M19: 41225 | O19: 41225 | P19: 46149 | V19: 41225
A20: Cornerstone Industrial Group, Corp | B20: Joshua Bonilla | C20: 45334 | E20: 45334 | G20: 45334 | H20: 45334 | I20: 45334 | L20: 45334 | M20: 45334 | O20: 45334 | P20: 46149 | V20: 45334
A21: Cornerstone Industrial Group, Corp | B21: Pedro Bonilla | C21: 45976 | E21: 45976 | G21: 45976 | O21: 45976 | P21: 46149 | U21: 45976
A22: Cornerstone Industrial Group, Corp | B22: Máximo López | C22: 46049 | E22: 46049 | G22: 46049 | O22: 46049 | P22: 46149 | U22: 46049
A23: Cornerstone Industrial Group, Corp | B23: Omar Rodríguez | F23: 45734 | O23: 46121 | P23: 46149 | AD23: 45734 | AE23: 46121
A24: Cornerstone Industrial Group, Corp | B24: Ángel Martínez | F24: 45734 | O24: 46121 | P24: 46149 | AD24: 45734 | AE24: 46121
A25: Cornerstone Industrial Group, Corp | B25: Erick Mar Rodríguez | F25: 45734 | O25: 46121 | P25: 46149 | AD25: 45734 | AE25: 46121
A26: Cornerstone Industrial Group, Corp | B26: Erick S. Rodríguez | F26: 45734 | O26: 46121 | P26: 46149 | AD26: 45734 | AE26: 46121
A27: UltraPure Systems, Inc | B27: Angel Maldonado | C27: 46038 | D27: 46038 | E27: 46038 | H27: 46038 | I27: 46038 | J27: 46038 | L27: 46038 | M27: 46038 | O27: 46038 | AF27: 46038
A28: UltraPure Systems, Inc | B28: juan Ramos | C28: 46038 | D28: 46038 | E28: 46038 | H28: 46038 | I28: 46038 | J28: 46038 | L28: 46038 | M28: 46038 | O28: 46038 | AF28: 46038
A29: UltraPure Systems, Inc | B29: Luis G. Rodriguez | C29: 46038 | D29: 46038 | E29: 46038 | H29: 46038 | I29: 46038 | J29: 46038 | L29: 46038 | M29: 46038 | O29: 46038 | AF29: 46038
A30: UltraPure Systems, Inc | B30: Jose H. Vega | C30: 46129 | D30: 46129 | E30: 46129 | H30: 46129 | I30: 46129 | J30: 46129 | L30: 46129 | M30: 46129 | O30: 46129 | AF30: 46129
A31: UltraPure Systems, Inc | B31: Julio Cordero | C31: 46129 | D31: 46129 | E31: 46129 | H31: 46129 | I31: 46129 | J31: 46129 | L31: 46129 | M31: 46129 | O31: 46129 | AF31: 46129
A32: UltraPure Systems, Inc | B32: Yahil Ruiz | C32: 46129 | D32: 46129 | E32: 46129 | H32: 46129 | I32: 46129 | J32: 46129 | L32: 46129 | M32: 46129 | O32: 46129 | AF32: 46129
A33: UltraPure Systems, Inc | B33: Sergio D. Rivera | C33: 46129 | D33: 46129 | E33: 46129 | H33: 46129 | I33: 46129 | J33: 46129 | L33: 46129 | M33: 46129 | O33: 46129 | AF33: 46129
A34: UltraPure Systems, Inc | B34: Carlos Marichal | C34: 46129 | D34: 46129 | E34: 46129 | H34: 46129 | I34: 46129 | J34: 46129 | L34: 46129 | M34: 46129 | O34: 46129 | AF34: 46129
A35: UltraPure Systems, Inc | B35: Carlos R. Reyes | C35: 46129 | D35: 46129 | E35: 46129 | H35: 46129 | I35: 46129 | J35: 46129 | L35: 46129 | M35: 46129 | O35: 46129 | AF35: 46129
A36: UltraPure Systems, Inc | B36: Ricardo E. Marichal | C36: 46129 | D36: 46129 | E36: 46129 | H36: 46129 | I36: 46129 | J36: 46129 | L36: 46129 | M36: 46129 | O36: 46129 | AF36: 46129
A37: UltraPure Systems, Inc | B37: Bradley Reillo | C37: 46129 | D37: 46129 | E37: 46129 | H37: 46129 | I37: 46129 | J37: 46129 | L37: 46129 | M37: 46129 | O37: 46129 | AF37: 46129
A38: UltraPure Systems, Inc | B38: Luis Carrion | C38: 46129 | D38: 46129 | E38: 46129 | H38: 46129 | I38: 46129 | J38: 46129 | L38: 46129 | M38: 46129 | O38: 46129 | AF38: 46129
... A48: UltraPure Systems, Inc | B48: Calix Gaetan | C48: 46129 | D48: 46129 | E48: 46129 | H48: 46129 | I48: 46129 | J48: 46129 | L48: 46129 | M48: 46129 | O48: 46129 | AF48: 46129

Sheet Dashboard
A1: Contractor Certifications Dashboard
A3: Total Contractors | C3: Total Workers | E3: Active Workers | G3: Today
A4: =COUNTA(Contractors!A2:A50) | C4: =COUNTA(Workers!A2:A200) | E4: =COUNTIFS(Workers!A2:A200,"<>",Workers!D2:D200,"active") | G4: =TEXT(TODAY(),"mm/dd/yyyy")
A7: Compliance by Certification
A8: Certification | B8: Category | C8: Completed | D8: Missing | E8: % Complete | F8: Bar
A9: =Certifications!A2 | B9: =Certifications!B2 | C9: =IFERROR(COUNTA(INDEX(Tracker!$C$3:$AZ$200,0,MATCH($A9,Tracker!$C$2:$AZ$2,0))),0) | D9: =COUNTA(Workers!A$2:A$200)-C9 | E9: =IFERROR(C9/(C9+D9),0) | F9: =REPT("■",ROUND(E9*20,0))
A10: =Certifications!A3 | B10: =Certifications!B3 | C10: =IFERROR(COUNTA(INDEX(Tracker!$C$3:$AZ$200,0,MATCH($A10,Tracker!$C$2:$AZ$2,0))),0) | D10: =COUNTA(Workers!A$2:A$200)-C10 | E10: =IFERROR(C10/(C10+D10),0) | F10: =REPT("■",ROUND(E10*20,0))
A11: =Certifications!A4 | B11: =Certifications!B4 | C11: =IFERROR(COUNTA(INDEX(Tracker!$C$3:$AZ$200,0,MATCH($A11,Tracker!$C$2:$AZ$2,0))),0) | D11: =COUNTA(Workers!A$2:A$200)-C11 | E11: =IFERROR(C11/(C11+D11),0) | F11: =REPT("■",ROUND(E11*20,0))
A12: =Certifications!A5 | B12: =Certifications!B5 | C12: =IFERROR(COUNTA(INDEX(Tracker!$C$3:$AZ$200,0,MATCH($A12,Tracker!$C$2:$AZ$2,0))),0) | D12: =COUNTA(Workers!A$2:A$200)-C12 | E12: =IFERROR(C12/(C12+D12),0) | F12: =REPT("■",ROUND(E12*20,0))
A13: =Certifications!A6 | B13: =Certifications!B6 | C13: =IFERROR(COUNTA(INDEX(Tracker!$C$3:$AZ$200,0,MATCH($A13,Tracker!$C$2:$AZ$2,0))),0) | D13: =COUNTA(Workers!A$2:A$200)-C13 | E13: =IFERROR(C13/(C13+D13),0) | F13: =REPT("■",ROUND(E13*20,0))
A14: =Certifications!A7 | B14: =Certifications!B7 | C14: =IFERROR(COUNTA(INDEX(Tracker!$C$3:$AZ$200,0,MATCH($A14,Tracker!$C$2:$AZ$2,0))),0) | D14: =COUNTA(Workers!A$2:A$200)-C14 | E14: =IFERROR(C14/(C14+D14),0) | F14: =REPT("■",ROUND(E14*20,0))
A15: =Certifications!A8 | B15: =Certifications!B8 | C15: =IFERROR(COUNTA(INDEX(Tracker!$C$3:$AZ$200,0,MATCH($A15,Tracker!$C$2:$AZ$2,0))),0) | D15: =COUNTA(Workers!A$2:A$200)-C15 | E15: =IFERROR(C15/(C15+D15),0) | F15: =REPT("■",ROUND(E15*20,0))
A16: =Certifications!A9 | B16: =Certifications!B9 | C16: =IFERROR(COUNTA(INDEX(Tracker!$C$3:$AZ$200,0,MATCH($A16,Tracker!$C$2:$AZ$2,0))),0) | D16: =COUNTA(Workers!A$2:A$200)-C16 | E16: =IFERROR(C16/(C16+D16),0) | F16: =REPT("■",ROUND(E16*20,0))
A17: =Certifications!A10 | B17: =Certifications!B10 | C17: =IFERROR(COUNTA(INDEX(Tracker!$C$3:$AZ$200,0,MATCH($A17,Tracker!$C$2:$AZ$2,0))),0) | D17: =COUNTA(Workers!A$2:A$200)-C17 | E17: =IFERROR(C17/(C17+D17),0) | F17: =REPT("■",ROUND(E17*20,0))
A18: =Certifications!A11 | B18: =Certifications!B11 | C18: =IFERROR(COUNTA(INDEX(Tracker!$C$3:$AZ$200,0,MATCH($A18,Tracker!$C$2:$AZ$2,0))),0) | D18: =COUNTA(Workers!A$2:A$200)-C18 | E18: =IFERROR(C18/(C18+D18),0) | F18: =REPT("■",ROUND(E18*20,0))
A19: =Certifications!A12 | B19: =Certifications!B12 | C19: =IFERROR(COUNTA(INDEX(Tracker!$C$3:$AZ$200,0,MATCH($A19,Tracker!$C$2:$AZ$2,0))),0) | D19: =COUNTA(Workers!A$2:A$200)-C19 | E19: =IFERROR(C19/(C19+D19),0) | F19: =REPT("■",ROUND(E19*20,0))
A20: =Certifications!A13 | B20: =Certifications!B13 | C20: =IFERROR(COUNTA(INDEX(Tracker!$C$3:$AZ$200,0,MATCH($A20,Tracker!$C$2:$AZ$2,0))),0) | D20: =COUNTA(Workers!A$2:A$200)-C20 | E20: =IFERROR(C20/(C20+D20),0) | F20: =REPT("■",ROUND(E20*20,0))
... A38: =Certifications!A31 | B38: =Certifications!B31 | C38: =IFERROR(COUNTA(INDEX(Tracker!$C$3:$AZ$200,0,MATCH($A38,Tracker!$C$2:$AZ$2,0))),0) | D38: =COUNTA(Workers!A$2:A$200)-C38 | E38: =IFERROR(C38/(C38+D38),0) | F38: =REPT("■",ROUND(E38*20,0))
